,precision,recall,f1-score,support
apple,0.6666666666666666,0.4,0.5,10.0
banana,1.0,0.7777777777777778,0.875,9.0
beetroot,0.7777777777777778,0.7,0.7368421052631579,10.0
bell pepper,0.8181818181818182,0.9,0.8571428571428571,10.0
cabbage,1.0,0.6,0.75,10.0
capsicum,0.7,0.7,0.7,10.0
carrot,1.0,1.0,1.0,10.0
cauliflower,0.8,0.8,0.8,10.0
chilli pepper,0.6,0.3,0.4,10.0
corn,0.8,0.4,0.5333333333333333,10.0
cucumber,0.4,0.2,0.26666666666666666,10.0
eggplant,0.8333333333333334,1.0,0.9090909090909091,10.0
garlic,0.8181818181818182,0.9,0.8571428571428571,10.0
ginger,0.5714285714285714,0.4,0.47058823529411764,10.0
grapes,1.0,0.6,0.75,10.0
jalepeno,1.0,0.4,0.5714285714285714,10.0
kiwi,0.6666666666666666,0.8,0.7272727272727273,10.0
lemon,0.75,0.9,0.8181818181818182,10.0
lettuce,0.6363636363636364,0.7,0.6666666666666666,10.0
mango,0.7777777777777778,0.7,0.7368421052631579,10.0
onion,0.7,0.7,0.7,10.0
orange,0.5333333333333333,0.8,0.64,10.0
paprika,1.0,0.2,0.3333333333333333,10.0
pear,0.8,0.8,0.8,10.0
peas,0.5333333333333333,0.8,0.64,10.0
pineapple,0.8181818181818182,0.9,0.8571428571428571,10.0
pomegranate,0.6428571428571429,0.9,0.75,10.0
potato,0.6,0.3,0.4,10.0
raddish,0.7692307692307693,1.0,0.8695652173913043,10.0
soy beans,0.5625,0.9,0.6923076923076923,10.0
spinach,0.35,0.7,0.4666666666666667,10.0
sweetcorn,0.5555555555555556,1.0,0.7142857142857143,10.0
sweetpotato,0.8333333333333334,0.5,0.625,10.0
tomato,0.5625,0.9,0.6923076923076923,10.0
turnip,0.75,0.9,0.8181818181818182,10.0
watermelon,0.875,0.7,0.7777777777777778,10.0
accuracy,0.6991643454038997,0.6991643454038997,0.6991643454038997,0.6991643454038997
macro avg,0.736172315338982,0.6993827160493826,0.686187989503936,359.0
weighted avg,0.7354374192814305,0.6991643454038997,0.6856620507560361,359.0
